Gender,Percent_SSC,Percent_HSC,Percent_Degree,Experience_Yrs,S-TEST,Percentile_ET,S-TEST*SCORE,Percent_MBA,Marks_Communication,Marks_Projectwork,Marks_BOCA,Stream_HSC_Arts,Stream_HSC_Commerce,Stream_HSC_Science,Board_SSC_CBSE,Board_SSC_ICSE,Board_SSC_Others,Board_HSC_CBSE,Board_HSC_ISC,Board_HSC_Others,Course_Degree_Arts,Course_Degree_Commerce,Course_Degree_Computer Applications,Course_Degree_Engineering,Course_Degree_Management,Course_Degree_Others,Course_Degree_Science,Specialization_MBA_Marketing & Finance,Specialization_MBA_Marketing & HR,Specialization_MBA_Marketing & IB
1,56,58,67,0,0,0,0,65.28,62,77,77,0,1,0,0,1,0,0,1,0,0,0,0,0,1,0,0,1,0,0
1,41,51,61,1,1,86,86,62.48,59,72,75,0,0,1,0,0,1,0,0,1,0,0,1,0,0,0,0,1,0,0
0,53,40,54,1,1,65,65,56.11,54,66,75,1,0,0,0,0,1,0,0,1,1,0,0,0,0,0,0,0,1,0
1,59,58,59,0,1,0,0,59.81,53,66,78,0,1,0,0,0,1,0,0,1,0,0,0,0,1,0,0,0,1,0
0,61.5,65.4,67.93,0,1,61,61,64.27,69,69,61,1,0,0,0,0,1,1,0,0,0,0,0,0,1,0,0,1,0,0
1,60.6,54,59.5,0,1,57.63,57.63,62.72,63,58,58,0,1,0,0,0,1,0,0,1,0,0,0,0,1,0,0,0,1,0
0,76,73,83,0,1,95,95,69.06,78,73,80,0,1,0,0,0,1,0,0,1,0,1,0,0,0,0,0,1,0,0
1,54,55,58,0,1,67,67,57.03,58,72,57,0,1,0,0,0,1,0,0,1,0,0,0,0,1,0,0,1,0,0
1,54.16,57.4,54.52,1,1,22.95,22.95,58,55,62,65,0,1,0,0,1,0,0,1,0,0,0,0,0,1,0,0,1,0,0
1,40.5,60.14,52.37,1,1,42.26,42.26,61.31,56,64,61,0,1,0,0,0,1,0,0,1,0,1,0,0,0,0,0,1,0,0
0,64,70,83.5,0,1,74,74,67,66,64,64,0,1,0,0,1,0,0,0,1,0,1,0,0,0,0,0,0,1,0
1,84,84,64,0,1,95,95,62.9,68,59,72,0,1,0,0,0,1,0,0,1,0,1,0,0,0,0,0,0,1,0
1,74,72,71,0,1,80,80,67.05,73,73,58,0,0,1,0,0,1,0,0,1,0,0,0,0,0,0,1,1,0,0
1,59,77,59,1,1,69,69,57.65,57,79,62,0,0,1,0,0,1,0,0,1,0,0,0,1,0,0,0,1,0,0
0,71,70,69,2,1,80,80,67.69,84,70,73,0,1,0,0,0,1,0,0,1,0,0,0,0,1,0,0,1,0,0
1,77,49.5,64,0,1,50.53,50.53,59.5,70,59,56,0,0,1,0,0,1,0,0,1,0,0,0,0,1,0,0,1,0,0
1,64.6,54,64,0,1,75,75,59.08,59,67,62,0,0,1,0,1,0,1,0,0,0,0,0,0,0,1,0,0,1,0
1,52.5,53.4,55.21,1,0,0,0,72,73,79,55,0,1,0,0,0,1,0,0,1,0,0,0,0,1,0,0,1,0,0
1,67.7,54,59,0,1,40,40,58.95,53,60,58,0,0,1,0,0,1,0,0,1,0,0,0,0,1,0,0,0,1,0
1,56,54,59,0,1,70,70,61.83,54,71,68,0,0,1,0,0,1,0,0,1,0,0,0,0,1,0,0,0,1,0
0,77,79,86.7,1,1,95,95,67.83,75,79,75,0,1,0,0,1,0,0,1,0,0,0,0,0,1,0,0,1,0,0
1,55,52,51,1,1,78,78,54.55,50,75,51,0,1,0,0,1,0,0,1,0,0,0,0,0,1,0,0,1,0,0
1,56.57,82.66,63.9,1,1,56.15,56.15,65.99,69,58,64,0,1,0,0,0,1,0,0,1,0,1,0,0,0,0,0,0,1,0
0,84,87,75,0,1,80,80,72.21,79,67,64,0,1,0,0,1,0,0,1,0,0,0,0,0,1,0,0,1,0,0
1,64,69,60,0,1,85,85,55.3,54,64,57,0,0,1,0,1,0,0,0,1,0,0,0,1,0,0,0,0,1,0
1,50,57,58,0,1,53.88,53.88,54.97,62,64,64,0,1,0,1,0,0,1,0,0,0,1,0,0,0,0,0,1,0,0
1,56,42,59,2,0,0,0,51.48,50,53,55,0,0,1,0,0,1,0,1,0,0,0,1,0,0,0,0,1,0,0
1,68,75,80,0,1,82,82,60.44,65,77,57,0,1,0,1,0,0,1,0,0,0,0,0,0,1,0,0,1,0,0
0,79.6,87,72.35,0,1,98.69,98.69,69.78,71,67,60,0,1,0,0,0,1,0,1,0,0,0,0,0,1,0,0,0,1,0
1,57,73,59,1,1,75,75,59.81,53,67,62,1,0,0,0,0,1,0,0,1,1,0,0,0,0,0,0,1,0,0
0,56,72,72,0,1,43,43,58.73,58,73,61,0,1,0,0,1,0,0,1,0,0,1,0,0,0,0,0,1,0,0
1,54,67,61,0,1,67,67,56.49,53,71,74,0,1,0,1,0,0,1,0,0,0,0,0,0,1,0,0,1,0,0
1,74.67,59.89,66.67,0,1,89,89,60.39,52,65,60,0,1,0,0,0,1,0,0,1,0,0,0,0,1,0,0,1,0,0
1,74.81,75.32,48.23,0,1,83,83,53.37,54,60,53,0,1,0,0,1,0,0,1,0,0,1,0,0,0,0,0,1,0,0
1,60,60,73,0,1,83,83,58.87,55,74,68,0,1,0,1,0,0,1,0,0,0,1,0,0,0,0,0,1,0,0
1,58,54.5,49.85,0,0,0,0,62.89,55,67,73,0,1,0,0,0,1,0,0,1,0,1,0,0,0,0,0,1,0,0
1,61,55,54,1,1,66,66,59.43,52,65,67,0,0,1,1,0,0,0,1,0,0,0,0,1,0,0,0,0,1,0
1,58,59,56,0,0,0,0,55.1,50,57,50,0,1,0,0,1,0,0,1,0,0,0,0,0,1,0,0,1,0,0
0,69,78.2,65,0,1,50,50,62.5,65,63,59,0,1,0,0,0,1,1,0,0,0,0,0,0,1,0,0,1,0,0
0,55.23,64,60,0,1,72,72,59.47,54,73,63,0,0,1,1,0,0,1,0,0,0,0,0,0,1,0,0,1,0,0
1,52,42,69,0,1,63,63,51.21,51,50,50,0,0,1,0,0,1,1,0,0,0,0,0,0,0,1,0,1,0,0
0,67,52,65,0,1,55.5,55.5,58.4,57,74,60,0,0,1,0,0,1,0,0,1,0,0,0,0,1,0,0,0,1,0
1,44,45,64,0,1,97,97,53.39,60,58,58,0,0,1,1,0,0,1,0,0,0,0,0,0,1,0,0,1,0,0
1,52.8,63.4,58.6,2,1,82.66,82.66,64.34,58,74,68,0,1,0,1,0,0,1,0,0,0,0,0,0,1,0,0,1,0,0
1,55,74.67,59,2,1,50,50,60.43,51,69,80,1,0,0,0,0,1,0,0,1,0,0,1,0,0,0,0,1,0,0
0,74.4,52,58.74,1,1,92,92,63.62,62,87,73,0,0,1,0,0,1,0,0,1,0,0,0,0,0,0,1,1,0,0
0,67,48,65,0,1,55.6,55.6,65.63,66,78,62,0,0,1,1,0,0,0,0,1,0,0,0,0,1,0,0,0,1,0
0,55,69,65,0,1,55,55,62.93,50,75,66,0,1,0,0,1,0,0,1,0,0,1,0,0,0,0,0,1,0,0
0,84,60,79,1,1,88,88,72.78,73,83,77,0,0,1,0,0,1,0,0,1,0,0,0,0,1,0,0,1,0,0
1,72,78,66.63,0,0,0,0,52.91,50,61,59,0,1,0,0,0,1,0,0,1,0,0,0,1,0,0,0,1,0,0
1,53.8,46.3,66.1,0,1,30.71,30.71,56,53,55,55,0,0,1,0,0,1,0,0,1,0,0,0,0,1,0,0,1,0,0
1,59,75,65,0,1,35,35,62.51,59,76,56,0,1,0,1,0,0,1,0,0,0,0,0,0,1,0,0,1,0,0
1,62.6,50.6,52,0,1,34.53,34.53,58.63,62,57,56,0,1,0,0,0,1,0,0,1,0,0,0,0,1,0,0,0,1,0
1,77,65,70,0,1,87,87,71.04,70,73,84,0,0,1,0,0,1,0,0,1,0,0,0,0,0,0,1,0,1,0
1,81.86,62,76,0,1,95.5,95.5,68.53,54,67,77,0,0,1,0,0,1,0,0,1,0,0,0,0,1,0,0,1,0,0
1,59.4,66.12,58.2,0,1,67,67,62.65,54,65,53,0,1,0,1,0,0,1,0,0,0,0,0,0,1,0,0,0,1,0
1,70.24,42.83,60.27,2,1,64,64,66.23,65,82,79,0,0,1,0,0,1,0,0,1,0,0,0,1,0,0,0,1,0,0
1,63.2,67.8,62.6,2,1,96,96,70.85,53,76,72,0,1,0,1,0,0,1,0,0,0,1,0,0,0,0,0,1,0,0
1,54.07,70.33,59,1,1,48.38,48.38,55.87,58,56,54,0,1,0,0,0,1,0,0,1,0,1,0,0,0,0,0,0,1,0
1,65,55,60,0,1,61.28,61.28,60.11,62,72,65,0,0,1,1,0,0,0,1,0,0,0,0,0,0,0,1,0,1,0
1,60,63,58,0,1,75,75,57.8,54,66,62,1,0,0,1,0,0,1,0,0,0,0,0,0,1,0,0,1,0,0
1,78,63,58,0,1,93,93,62.56,58,67,70,0,0,1,0,0,1,0,0,1,0,0,0,1,0,0,0,1,0,0
1,73,48,56,0,0,0,0,60.03,50,73,58,0,0,1,0,0,1,0,0,1,0,1,0,0,0,0,0,0,1,0
1,62,62,71,3,1,59,59,69.72,63,71,61,0,1,0,0,0,1,0,0,1,0,1,0,0,0,0,0,1,0,0
0,75,74,78,0,1,60,60,66.72,71,69,67,0,1,0,0,1,0,0,0,1,0,1,0,0,0,0,0,1,0,0
1,60,52.8,73.25,1,1,55,55,51.58,53,52,58,0,0,1,0,0,1,0,0,1,0,0,1,0,0,0,0,1,0,0
0,74,84,53,0,1,68,68,68.63,71,86,54,0,1,0,0,1,0,0,1,0,0,1,0,0,0,0,0,1,0,0
1,66.08,53,56,0,1,71,71,65.69,58,75,73,0,0,1,0,0,1,0,0,1,0,0,0,1,0,0,0,1,0,0
1,54,60,60,0,1,50,50,56.7,55,69,59,0,1,0,0,0,1,0,0,1,0,1,0,0,0,0,0,0,1,0
1,78,78,51,0,0,0,0,55.02,54,56,50,0,0,1,0,0,1,0,0,1,0,0,0,0,0,0,1,1,0,0
1,67,55,75.5,1,1,78,78,54.48,53,68,77,0,0,1,0,0,1,0,0,1,0,0,1,0,0,0,0,1,0,0
1,67,54,54,1,1,68.44,68.44,62.77,59,68,60,0,0,1,0,0,1,0,0,1,1,0,0,0,0,0,0,0,1,0
1,82.8,70.6,69.3,0,1,96.8,96.8,55.5,65,76,70,0,1,0,1,0,0,1,0,0,0,1,0,0,0,0,0,1,0,0
1,60,59.8,65.5,1,1,56,56,56.94,57,65,50,0,1,0,0,1,0,0,0,1,0,1,0,0,0,0,0,1,0,0
1,75,65,59,1,0,0,0,56.19,57,50,71,0,0,1,0,0,1,0,0,1,0,0,1,0,0,0,0,1,0,0
0,70,54,65,2,0,0,0,59.8,63,56,50,0,0,1,0,0,1,0,0,1,0,0,0,0,0,1,0,0,1,0
0,46,65,71,0,1,92.66,92.66,62.92,55,71,82,0,0,1,1,0,0,0,0,1,0,0,0,0,1,0,0,0,1,0
1,59,62,50,0,1,79,79,56.51,58,61,50,0,1,0,1,0,0,1,0,0,0,1,0,0,0,0,0,1,0,0
1,77,68,73,0,1,61,61,58.78,52,68,74,0,1,0,0,0,1,0,0,1,0,1,0,0,0,0,0,1,0,0
1,60,74,65,0,1,60,60,61.82,57,72,50,0,1,0,1,0,0,1,0,0,0,0,0,0,1,0,0,0,1,0
0,78.89,79.98,71.6,0,1,68,68,71.63,71,76,64,0,0,1,0,0,1,0,0,1,0,0,0,0,1,0,0,0,1,0
0,37.3,44.4,35,0,0,0,0,61.66,62,66,69,0,1,0,0,0,1,0,0,1,0,1,0,0,0,0,0,1,0,0
1,60.4,51.8,74.8,0,1,94.3,94.3,51.24,53,50,50,0,1,0,0,1,0,0,1,0,0,1,0,0,0,0,0,1,0,0
1,55,68,71,1,1,86,86,56.09,58,65,58,0,0,1,0,1,0,0,0,1,0,0,0,0,0,0,1,0,1,0
0,74.44,89,70,1,1,94,94,67.13,70,69,63,0,1,0,0,1,0,0,0,1,0,1,0,0,0,0,0,1,0,0
1,69,65,68,1,1,60,60,57.24,50,67,51,0,0,1,1,0,0,1,0,0,0,0,0,0,1,0,0,1,0,0
1,62,64.3,66,0,0,0,0,59.84,55,59,63,0,1,0,1,0,0,1,0,0,0,0,0,0,1,0,0,0,1,0
1,48.6,59.8,66.2,0,1,84.27,84.27,67.2,52,70,71,0,1,0,1,0,0,1,0,0,0,0,0,0,1,0,0,1,0,0
1,59,81,70,0,0,0,0,71.86,79,73,66,0,1,0,0,1,0,0,0,1,0,1,0,0,0,0,0,1,0,0
1,82.6,64,56,1,1,0,0,68.85,71,76,60,0,0,1,1,0,0,1,0,0,0,0,0,0,1,0,0,1,0,0
0,68,74,70,2,1,68,68,64.08,63,79,77,0,1,0,1,0,0,1,0,0,0,0,0,0,1,0,0,0,1,0
1,58,75,68,1,0,0,0,55.6,53,75,52,0,0,1,1,0,0,0,0,1,0,0,0,1,0,0,0,1,0,0
1,57,62.4,48,1,1,66.6,66.6,56.75,52,71,69,0,1,0,1,0,0,1,0,0,0,1,0,0,0,0,0,1,0,0
1,70,75,60,0,1,77,77,51.29,60,56,52,0,1,0,1,0,0,1,0,0,0,1,0,0,0,0,0,1,0,0
0,81,81,82.2,0,0,0,0,66.9,68,68,76,0,1,0,1,0,0,1,0,0,0,0,0,0,1,0,0,1,0,0
1,69.2,84.6,75.25,1,1,75.2,75.2,66.06,66,74,55,0,1,0,1,0,0,0,0,1,0,1,0,0,0,0,0,1,0,0
1,84,69,61,2,1,75,75,72.29,83,62,66,0,0,1,1,0,0,1,0,0,0,0,0,1,0,0,0,0,1,0
1,58,67,64,0,1,78,78,60.44,54,70,60,0,1,0,1,0,0,1,0,0,0,1,0,0,0,0,0,0,1,0
0,50,60,71,0,1,62,62,65.04,55,61,59,0,0,1,1,0,0,0,0,1,0,0,0,0,1,0,0,0,1,0
1,50,52,70,0,1,74,74,53.62,50,74,50,0,0,1,0,0,1,0,0,1,0,0,1,0,0,0,0,1,0,0
1,68.4,85.6,72,1,1,70,70,63.26,75,72,57,0,1,0,0,1,0,0,1,0,0,1,0,0,0,0,0,1,0,0
1,58,70,67.75,1,0,0,0,57.68,67,74,53,0,0,1,1,0,0,0,0,1,0,0,0,1,0,0,0,1,0,0
0,56,74.6,60.2,2,0,0,0,63.53,65,76,80,0,1,0,0,1,0,0,1,0,0,1,0,0,0,0,0,1,0,0
0,76,82,70.8,1,0,0,0,69.52,69,74,71,0,1,0,0,1,0,0,1,0,0,1,0,0,0,0,0,1,0,0
1,68,75,61,2,1,95.46,95.46,62.16,62,72,73,0,1,0,1,0,0,0,0,1,0,1,0,0,0,0,0,1,0,0
0,78.5,70.5,65,0,1,93.91,93.91,69.03,70,73,80,0,1,0,0,1,0,0,0,1,0,1,0,0,0,0,0,1,0,0
1,55.4,61.6,59,0,1,71,71,52.71,56,67,52,0,0,1,1,0,0,0,0,1,0,0,0,0,1,0,0,0,1,0
1,70,76,68,0,1,91.34,91.34,61.29,63,63,75,0,1,0,1,0,0,1,0,0,0,0,0,0,1,0,0,1,0,0
1,64.96,45.16,65.26,1,1,54.48,54.48,65.48,69,75,61,0,0,1,0,0,1,0,0,1,0,0,1,0,0,0,0,0,1,0
1,40.53,64.75,54.35,1,0,0,0,54.35,52,73,67,0,1,0,0,0,1,0,0,1,0,1,0,0,0,0,0,1,0,0
0,70,50,60,0,1,53.7,53.7,56.86,53,63,56,0,0,1,0,0,1,0,0,1,0,0,0,0,1,0,0,0,1,0
1,64,52,61,0,1,87.55,87.55,52.81,54,60,67,0,1,0,0,0,1,0,0,1,0,0,0,0,1,0,0,1,0,0
0,82.3,73,72.3,1,0,0,0,69.35,74,68,84,0,0,1,0,0,1,0,0,1,0,0,0,0,0,0,1,1,0,0
0,74,53,64,2,1,57.5,57.5,61.31,62,73,54,0,1,0,0,0,1,0,0,1,0,0,0,0,1,0,0,1,0,0
0,65,78,75,1,1,53,53,60.91,56,73,69,0,1,0,1,0,0,0,0,1,0,1,0,0,0,0,0,1,0,0
0,58.29,55,61,0,1,71,71,56.81,64,66,57,0,0,1,0,0,1,0,0,1,0,0,0,0,1,0,0,1,0,0
1,64,55,59,1,1,55,55,58.23,59,72,68,0,0,1,1,0,0,0,0,1,0,0,0,0,1,0,0,0,1,0
1,65,57,57,0,0,0,0,59.1,54,59,61,0,1,0,1,0,0,1,0,0,0,1,0,0,0,0,0,1,0,0
1,55,52,54.2,0,1,20,20,55.83,54,63,68,0,1,0,0,0,1,0,0,1,0,0,0,0,1,0,0,1,0,0
1,54,52,62,2,1,86,86,61.79,67,79,68,0,0,1,0,0,1,0,0,1,0,0,0,0,0,0,1,0,1,0
1,46,54,65,0,1,71.32,71.32,52.36,50,72,58,0,1,0,1,0,0,0,0,1,0,0,0,0,1,0,0,1,0,0
0,72,57.8,49.8,1,0,0,0,53.47,73,58,50,0,0,1,0,1,0,0,0,1,0,0,0,0,1,0,0,0,1,0
0,64,57,65,1,1,67,67,62.35,56,67,52,0,1,0,0,0,1,0,0,1,0,0,0,0,1,0,0,0,1,0
1,79,59,60,1,1,67,67,62.14,54,78,62,0,0,1,1,0,0,1,0,0,0,0,0,0,0,0,1,1,0,0
0,82,87,80,0,1,92,92,68.03,76,69,74,0,1,0,0,0,1,0,0,1,0,1,0,0,0,0,0,1,0,0
0,74,68,79,1,1,89,89,69.7,68,77,76,0,1,0,0,0,1,0,0,1,0,0,0,0,1,0,0,1,0,0
1,78,47,53,0,1,84,84,56.12,60,66,68,0,0,1,0,0,1,0,0,1,0,0,0,1,0,0,0,1,0,0
1,66,46,65,0,1,0,0,54.65,53,60,65,0,1,0,0,0,1,0,0,1,0,0,0,0,1,0,0,1,0,0
0,49,52.2,85,0,1,74.28,74.28,53.29,50,65,74,0,1,0,0,0,1,0,0,1,0,1,0,0,0,0,0,1,0,0
1,49,55,57,1,1,49,49,58.56,50,59,55,0,0,1,0,0,1,0,0,1,0,0,0,0,0,0,1,1,0,0
1,70,75,71,1,1,85,85,65.83,63,64,79,0,0,1,1,0,0,1,0,0,0,0,0,0,0,0,1,0,1,0
1,75.9,70,73,1,1,58.1,58.1,75.71,70,74,71,0,0,1,0,0,1,0,0,1,0,0,0,1,0,0,0,1,0,0
0,76,56,73.5,1,1,70,70,68.2,55,76,61,0,0,1,0,0,1,0,0,1,0,0,0,1,0,0,0,1,0,0
0,80.32,55,50,0,1,0,0,62.29,67,70,76,0,0,1,0,0,1,0,0,1,0,0,0,1,0,0,0,0,0,1
0,53.44,70,70,0,1,14.99,14.99,57.98,56,77,61,1,0,0,0,0,1,0,0,1,0,0,0,0,1,0,0,1,0,0
0,71,52,65,0,1,78,78,65.56,66,84,77,0,0,1,0,1,0,0,0,1,0,0,0,0,1,0,0,0,1,0
1,60,65,67,1,0,0,0,55.4,50,67,50,0,0,1,0,1,0,0,0,1,1,0,0,0,0,0,0,0,1,0
1,72.64,47.34,83.33,0,1,73,73,65.8,72,75,78,0,0,1,0,0,1,0,0,1,0,0,1,0,0,0,0,0,1,0
0,48,62,62,1,1,56.39,56.39,64.95,72,66,64,0,1,0,0,0,1,0,0,1,0,0,0,0,1,0,0,0,1,0
0,84,72,78,0,1,58,58,66.53,71,58,50,0,0,1,1,0,0,1,0,0,0,0,0,0,0,0,1,0,1,0
0,78.7,71,49,0,1,92,92,66.86,60,50,77,0,1,0,0,0,1,0,0,1,0,1,0,0,0,0,0,1,0,0
1,87.2,67.5,60.31,1,1,88,88,70.1,69,77,73,0,0,1,0,0,1,0,0,1,0,0,0,1,0,0,0,0,1,0
0,85,67,76,0,1,82,82,71.43,68,75,80,0,0,1,0,1,0,1,0,0,1,0,0,0,0,0,0,0,1,0
1,78,52,66,1,1,79,79,52.41,53,57,54,0,0,1,0,0,1,0,1,0,0,0,0,0,1,0,0,0,0,1
0,60,57,60,0,0,0,0,59.15,50,65,63,0,0,1,0,0,1,0,0,1,0,0,0,0,0,0,1,1,0,0
1,61,52,50,1,0,0,0,65.13,65,70,66,0,0,1,1,0,0,0,0,1,0,1,0,0,0,0,0,1,0,0
1,55,61.2,59.6,1,1,60,60,62.54,67,66,58,0,1,0,1,0,0,1,0,0,0,0,0,0,1,0,0,1,0,0
0,52,59,38,1,1,40,40,62.01,52,69,64,1,0,0,0,0,1,0,0,1,1,0,0,0,0,0,0,0,1,0
1,50,53,55,0,1,58,58,53.94,50,70,55,0,1,0,0,0,1,0,0,1,0,0,0,0,1,0,0,0,1,0
1,59,90,67,0,1,50,50,59.47,63,77,66,0,1,0,0,1,0,0,0,1,0,0,1,0,0,0,0,1,0,0
0,67.67,75,67.8,0,1,49.94,49.94,67.44,72,66,69,0,1,0,0,1,0,0,0,1,0,1,0,0,0,0,0,1,0,0
1,59.6,80.83,67.72,0,1,86,86,59.75,54,68,60,0,1,0,1,0,0,0,0,1,0,1,0,0,0,0,0,1,0,0
1,53.3,57.5,59.7,0,0,0,0,56.11,57,70,71,0,1,0,1,0,0,0,1,0,0,0,0,0,1,0,0,0,1,0
1,53.43,64.93,53,1,1,40,40,60.76,51,73,66,0,1,0,0,0,1,0,0,1,0,0,0,0,1,0,0,1,0,0
0,64.8,52.8,68.23,0,1,55.53,55.53,68.81,68,63,60,0,0,1,0,0,1,0,0,1,0,0,0,1,0,0,0,0,0,1
1,55,64,50,0,0,0,0,56.81,53,70,53,0,1,0,0,1,0,1,0,0,0,1,0,0,0,0,0,1,0,0
1,56,57,59,0,1,62,62,56.81,50,73,50,0,1,0,0,0,1,0,0,1,0,1,0,0,0,0,0,1,0,0
1,69,51,69,1,1,60,60,56.7,52,60,72,0,1,0,0,0,1,0,0,1,0,0,0,0,1,0,0,0,1,0
1,81.2,64.4,59,1,1,80,80,52.72,62,67,65,0,0,1,1,0,0,1,0,0,0,0,0,1,0,0,0,0,1,0
0,49.8,51.2,46.22,2,0,0,0,57.32,50,79,79,0,1,0,1,0,0,1,0,0,0,1,0,0,0,0,0,1,0,0
1,71,51,74,1,1,85,85,59.99,65,79,73,0,0,1,0,1,0,0,0,1,0,0,1,0,0,0,0,0,1,0
1,58,54,64,0,1,64,64,62.46,50,71,60,0,1,0,0,0,1,0,0,1,0,0,0,0,1,0,0,1,0,0
1,77.92,75.5,63,0,1,68.71,68.71,60.99,67,77,60,0,1,0,0,0,1,0,0,1,0,1,0,0,0,0,0,1,0,0
0,57.58,59.6,50.2,1,1,76,76,65.33,65,75,69,0,1,0,0,0,1,1,0,0,0,1,0,0,0,0,0,1,0,0
1,63.33,51,58.7,2,0,0,0,69.67,62,65,81,0,1,0,0,0,1,0,0,1,0,1,0,0,0,0,0,1,0,0
1,79,87,81,0,1,80,80,73.52,71,64,71,0,1,0,0,0,1,0,0,1,0,0,0,0,1,0,0,0,1,0
0,72.2,70.2,64.4,0,1,65,65,62.98,52,58,75,0,0,1,1,0,0,1,0,0,0,0,0,0,1,0,0,0,1,0
0,50,64,68,1,1,78,78,61.58,54,66,75,1,0,0,1,0,0,1,0,0,0,0,0,0,1,0,0,1,0,0
1,37.33,47.4,35.5,0,0,0,0,54.78,50,57,50,0,1,0,0,0,1,0,0,1,0,1,0,0,0,0,0,0,1,0
1,37,53,60,0,1,48,48,52.64,57,71,58,0,1,0,0,0,1,0,0,1,0,1,0,0,0,0,0,0,0,1
1,71,59,63,1,1,35,35,54.04,56,65,50,0,1,0,0,0,1,1,0,0,0,1,0,0,0,0,0,0,1,0
1,73.5,94.7,76.86,0,1,97.4,97.4,74.01,60,69,82,0,0,1,0,0,1,0,0,1,0,0,0,1,0,0,0,1,0,0
1,75.66,71.5,58.35,0,1,56.39,56.39,66.5,74,69,56,0,1,0,0,1,0,0,0,1,0,1,0,0,0,0,0,1,0,0
0,46,62,58,0,0,0,0,57.83,54,78,65,0,1,0,1,0,0,1,0,0,0,0,0,0,1,0,0,1,0,0
1,60,66.5,56.8,1,1,57,57,56.6,50,72,65,0,1,0,1,0,0,0,0,1,0,0,0,0,1,0,0,1,0,0
1,66.8,50,56.38,1,1,57,57,56.13,50,69,69,0,1,0,0,0,1,0,0,1,0,1,0,0,0,0,0,1,0,0
1,67,50,52,0,1,76,76,54.96,50,63,59,0,1,0,1,0,0,1,0,0,0,1,0,0,0,0,0,0,1,0
1,69,75,49,1,1,75,75,60.77,61,73,62,0,1,0,0,0,1,1,0,0,0,1,0,0,0,0,0,1,0,0
0,60,72,65,1,1,72,72,64.66,57,74,81,0,1,0,1,0,0,1,0,0,0,0,0,0,1,0,0,1,0,0
1,54,47,59,0,1,64,64,51.45,64,63,56,0,1,0,1,0,0,1,0,0,0,0,0,0,1,0,0,1,0,0
1,65,58,66,2,1,55,55,62,55,71,75,0,0,1,1,0,0,0,0,1,0,0,0,0,0,0,1,1,0,0
1,46,58,49,1,0,0,0,56.78,56,75,70,0,1,0,0,0,1,0,0,1,0,1,0,0,0,0,0,0,1,0
1,77.4,68.4,75.72,1,1,81.2,81.2,76.26,83,75,79,0,0,1,0,1,0,0,1,0,0,0,0,0,0,0,1,0,1,0
1,80.33,75,55,1,1,88.56,88.56,71.55,74,77,54,0,1,0,0,1,0,0,0,1,0,1,0,0,0,0,0,1,0,0
0,58.8,45,57.7,1,0,0,0,60,57,71,59,0,0,1,0,0,1,0,0,1,0,0,0,0,1,0,0,0,1,0
0,43.89,48.83,55,2,1,71.2,71.2,65.49,66,74,53,0,1,0,0,0,1,0,0,1,0,1,0,0,0,0,0,0,1,0
1,73.4,75,64.38,1,1,78,78,76.72,87,79,65,0,0,1,0,0,1,0,0,1,0,0,0,0,1,0,0,0,1,0
1,84.2,67.8,55,1,1,84,84,70.71,72,63,70,0,0,1,1,0,0,1,0,0,0,0,0,1,0,0,0,0,0,1
1,65.92,86,72,1,1,66,66,66.22,80,63,55,0,1,0,0,0,1,0,0,1,0,1,0,0,0,0,0,1,0,0
1,60,80,84,0,1,95.5,95.5,72.97,83,76,74,0,1,0,1,0,0,0,0,1,0,1,0,0,0,0,0,0,1,0
1,60.6,66.6,55.7,0,1,76.2,76.2,58.67,54,66,57,0,1,0,1,0,0,1,0,0,0,0,0,0,1,0,0,0,1,0
0,78.94,77.83,77,3,0,0,0,68.55,69,76,84,0,1,0,0,0,1,0,0,1,0,1,0,0,0,0,0,0,1,0
1,52,49,66,0,1,0,0,54.12,51,72,63,0,1,0,1,0,0,1,0,0,0,1,0,0,0,0,0,0,0,1
0,77.7,50,78.7,0,1,79,79,59.24,58,64,74,0,1,0,1,0,0,1,0,0,0,0,1,0,0,0,0,0,1,0
1,78,73,68,0,1,49,49,64.79,73,70,73,0,1,0,0,0,1,0,0,1,0,1,0,0,0,0,0,1,0,0
0,61.5,61.8,65.3,2,1,80.4,80.4,71,83,73,64,1,0,0,0,1,0,0,1,0,0,0,0,0,1,0,0,1,0,0
0,61,76,48,0,1,79,79,63.91,56,61,60,1,0,0,0,1,0,0,1,0,1,0,0,0,0,0,0,0,1,0
1,78.7,55,63,1,1,86,86,70.2,66,64,75,0,0,1,0,0,1,0,0,1,0,0,0,0,1,0,0,1,0,0
0,81,68,69,0,1,75,75,73.33,82,67,61,0,1,0,1,0,0,1,0,0,0,0,0,0,1,0,0,1,0,0
0,75,77,73,0,1,48,48,64.19,58,57,80,0,1,0,0,0,1,0,0,1,0,0,0,0,1,0,0,0,1,0
1,77.44,77.83,71,0,0,0,0,67.53,60,76,77,0,1,0,0,0,1,0,0,1,0,0,0,0,1,0,0,1,0,0
1,64,60,51,0,1,73,73,55.8,56,57,53,0,1,0,0,0,1,0,0,1,0,0,0,0,1,0,0,0,0,1
1,59,57,55,3,1,65,65,59.54,55,76,62,0,1,0,0,1,0,0,1,0,0,1,0,0,0,0,0,1,0,0
1,60,59.5,65.5,1,0,0,0,57.24,50,65,78,0,1,0,0,1,0,0,1,0,0,1,0,0,0,0,0,1,0,0
0,64.5,65,68,0,1,57.2,57.2,54.8,61,75,50,0,0,1,1,0,0,0,1,0,0,0,1,0,0,0,0,0,1,0
1,63.68,58.19,72.24,0,1,36.56,36.56,66.18,71,73,63,0,1,0,0,0,1,0,0,1,0,1,0,0,0,0,0,1,0,0
1,66,66.33,66.72,0,0,0,0,66.92,70,73,64,0,1,0,1,0,0,1,0,0,0,1,0,0,0,0,0,1,0,0
1,73.76,73.5,63.5,2,1,73.35,73.35,64.15,68,78,65,0,1,0,0,0,1,0,0,1,0,0,0,0,1,0,0,1,0,0
1,70,55,72,0,1,50,50,67.94,77,70,54,0,0,1,1,0,0,0,0,1,0,0,0,0,1,0,0,1,0,0
0,55,57,57,1,1,67,67,59.32,50,67,59,0,0,1,0,0,1,0,0,1,0,0,0,0,0,0,1,0,1,0
1,74,85,60,0,1,58.89,58.89,60.36,64,67,63,0,1,0,0,0,1,0,0,1,0,1,0,0,0,0,0,1,0,0
1,59.2,68,60,1,1,79,79,58.44,52,64,63,0,0,1,1,0,0,0,0,1,0,0,0,0,1,0,0,0,1,0
1,46,41,43,1,1,64,64,58.85,52,73,67,0,1,0,0,0,1,0,0,1,0,1,0,0,0,0,0,1,0,0
1,62,66,60.33,1,1,64,64,61.26,53,56,80,0,0,1,0,1,0,1,0,0,1,0,0,0,0,0,0,0,1,0
0,73,74,56,0,1,96,96,61.41,69,68,70,0,0,1,0,0,1,0,0,1,0,0,0,0,1,0,0,1,0,0
1,81,87.9,58.5,0,1,86.04,86.04,59.42,50,67,58,0,0,1,0,0,1,0,0,1,0,0,0,1,0,0,0,1,0,0
0,70,55,62,0,1,89,89,60.5,50,79,70,0,0,1,0,0,1,0,0,1,0,0,0,0,1,0,0,1,0,0
1,56,47,61.17,0,1,46.92,46.92,62.4,60,66,56,0,0,1,1,0,0,1,0,0,0,0,0,0,1,0,0,1,0,0
0,84,77,80,0,0,0,0,66.61,70,77,83,0,1,0,0,0,1,0,0,1,0,1,0,0,0,0,0,1,0,0
0,59,74,59,1,0,0,0,63.83,50,59,77,1,0,0,1,0,0,1,0,0,0,0,0,0,1,0,0,0,1,0
0,76,50,75,1,0,0,0,66,60,66,75,0,0,1,0,0,1,0,0,1,0,0,1,0,0,0,0,0,1,0
1,75,60,69,1,1,80,80,66.39,60,71,68,0,0,1,1,0,0,1,0,0,0,0,1,0,0,0,0,1,0,0
1,82,72,66,0,1,26.53,26.53,60.39,72,56,62,0,1,0,0,0,1,0,0,1,0,1,0,0,0,0,0,1,0,0
0,76,73,59.6,0,1,58,58,55.47,58,59,58,0,0,1,1,0,0,1,0,0,0,0,0,1,0,0,0,0,1,0
1,44.4,60.6,61,0,1,63,63,56.98,52,62,54,0,1,0,0,0,1,0,0,1,0,0,0,0,1,0,0,1,0,0
1,68,67,69,0,1,87.5,87.5,60.69,61,71,57,0,0,1,0,0,1,0,0,1,0,0,0,1,0,0,0,0,0,1
1,67,76,60,0,1,48.38,48.38,50.83,54,57,51,0,1,0,0,0,1,0,0,1,0,0,0,0,1,0,0,0,1,0
1,55,50,57,0,1,49.7,49.7,59.71,64,74,54,0,0,1,0,0,1,0,0,1,0,0,0,0,1,0,0,0,1,0
0,51,56,62,1,1,60,60,58.79,61,65,82,0,1,0,1,0,0,1,0,0,0,1,0,0,0,0,0,0,1,0
1,56.5,61,60,1,0,0,0,59.5,52,69,67,0,1,0,0,0,1,0,0,1,0,0,0,0,1,0,0,0,1,0
0,81,72,65,1,1,62,62,62.36,68,75,79,0,0,1,0,0,1,0,0,1,0,0,1,0,0,0,0,0,1,0
0,68,79,64,0,0,0,0,62.89,52,61,69,0,0,1,0,0,1,0,0,1,0,0,0,1,0,0,0,0,1,0
0,66.5,58.8,57.8,0,1,60,60,63.42,74,69,51,0,0,1,0,1,0,0,0,1,0,0,0,0,1,0,0,0,1,0
1,61,50,62,2,0,0,0,61.22,52,61,80,0,0,1,0,1,0,0,1,0,0,0,0,0,0,0,1,0,1,0
1,75,68,68,0,1,60,60,61.87,61,67,65,0,0,1,0,0,1,0,0,1,0,0,1,0,0,0,0,1,0,0
0,68,69,40,0,1,74,74,62.8,55,59,82,0,1,0,1,0,0,1,0,0,0,1,0,0,0,0,0,0,1,0
1,66,50.66,52,1,1,56,56,61.3,71,60,66,0,0,1,0,1,0,1,0,0,0,0,0,1,0,0,0,1,0,0
1,60,63,65,0,1,53.7,53.7,55.01,50,64,60,0,0,1,1,0,0,0,0,1,0,0,0,0,1,0,0,0,1,0
1,47,63,57,2,1,64.25,64.25,58.54,54,62,52,1,0,0,1,0,0,1,0,0,0,0,0,0,1,0,0,0,1,0
1,69,54,64,0,1,74,74,57.99,50,66,60,0,0,1,1,0,0,0,0,1,0,0,0,0,1,0,0,1,0,0
1,58,59,48,0,1,79,79,54.01,54,78,54,0,1,0,0,0,1,0,0,1,0,1,0,0,0,0,0,1,0,0
1,73,77,76,1,1,97,97,70.48,66,62,78,0,0,1,1,0,0,1,0,0,0,0,0,0,0,0,1,0,1,0
1,50,64,50,0,1,13,13,57.76,50,76,50,0,1,0,0,1,0,0,0,1,0,1,0,0,0,0,0,1,0,0
1,74,65,53,1,1,58,58,54.43,50,70,54,0,1,0,1,0,0,1,0,0,0,0,0,0,1,0,0,1,0,0
0,68.3,86.33,80,0,1,80,80,74.56,71,74,77,0,1,0,0,1,0,0,0,1,0,0,0,0,1,0,0,1,0,0
1,80,80,64,1,0,0,0,69.08,70,74,73,0,1,0,0,0,1,0,0,1,0,0,0,0,1,0,0,1,0,0
1,58,78,63,0,0,0,0,60.29,54,62,53,0,1,0,0,1,0,0,1,0,0,1,0,0,0,0,0,1,0,0
0,51,52,50,0,1,55,55,57.9,66,69,77,0,1,0,1,0,0,0,0,1,0,0,0,0,1,0,0,0,1,0
0,77,82,75,0,1,60,60,66.63,64,77,62,0,1,0,0,0,1,0,0,1,0,1,0,0,0,0,0,1,0,0
1,67,63,55,0,1,89,89,60.22,66,63,61,0,0,1,0,1,0,0,0,1,0,0,0,0,1,0,0,0,1,0
1,59,64,63,0,1,29,29,53.57,55,73,63,0,1,0,0,0,1,0,1,0,0,0,0,0,1,0,0,0,1,0
1,52,54,58,0,0,0,0,51.75,53,51,50,0,1,0,0,0,1,0,0,1,0,0,0,0,1,0,0,0,1,0
1,68,68,70,0,1,68,68,67.31,53,76,78,0,0,1,0,0,1,0,0,1,0,0,0,1,0,0,0,1,0,0
0,40,40,51,0,1,49,49,51.75,50,59,53,0,1,0,1,0,0,0,0,1,0,0,0,0,1,0,0,1,0,0
1,70,73,64,0,1,84,84,64.15,52,62,53,0,1,0,1,0,0,0,0,1,0,0,0,0,1,0,0,1,0,0
0,61,49,63,0,1,43.5,43.5,67.13,59,68,63,0,0,1,0,0,1,0,0,1,0,0,1,0,0,0,0,0,1,0
1,57,62,52.8,1,1,67,67,62.79,63,66,74,0,1,0,0,1,0,0,1,0,0,1,0,0,0,0,0,0,1,0
1,79,65,65,0,1,44.56,44.56,64.75,64,67,66,0,1,0,1,0,0,1,0,0,0,0,0,0,1,0,0,1,0,0
1,45,55,54,1,1,70,70,53.2,53,62,53,0,0,1,1,0,0,0,0,1,0,0,0,0,1,0,0,1,0,0
0,61.28,70.83,63.79,0,1,60,60,57.29,54,67,69,0,1,0,0,0,1,0,0,1,0,0,0,0,1,0,0,0,1,0
1,62,53,68,0,1,72,72,61.01,53,72,63,0,0,1,0,0,1,0,1,0,0,0,0,0,1,0,0,1,0,0
0,52,58,50,2,1,80,80,56.63,51,70,67,1,0,0,1,0,0,1,0,0,1,0,0,0,0,0,0,0,1,0
1,54,59.2,49.2,0,0,0,0,52.32,52,64,50,0,1,0,1,0,0,1,0,0,0,1,0,0,0,0,0,1,0,0
1,68,50,50,0,1,84,84,52.64,50,62,56,0,1,0,0,0,1,0,0,1,0,1,0,0,0,0,0,0,1,0
1,62,88,52,0,1,55,55,58.8,50,65,74,0,1,0,0,0,1,0,0,1,0,0,0,0,0,0,1,0,1,0
0,85.8,85,88.8,0,1,96.16,96.16,77.3,88,80,63,0,0,1,1,0,0,1,0,0,0,0,0,0,1,0,0,0,1,0
0,65,68,55,1,1,67,67,55.42,56,75,52,0,1,0,0,0,1,0,0,1,0,1,0,0,0,0,0,1,0,0
1,66.3,83.5,70,0,1,65,65,60.95,52,76,62,0,0,1,0,0,1,0,0,1,0,0,0,0,0,0,1,1,0,0
1,68,77,72.5,0,1,43.12,43.12,57.23,74,72,50,0,1,0,0,1,0,0,1,0,0,0,0,0,1,0,0,1,0,0
1,81,76,64,1,1,84,84,66.69,66,69,58,0,0,1,0,0,1,0,0,1,0,0,1,0,0,0,0,1,0,0
1,61,73,68,1,1,84,84,58.95,50,59,59,0,1,0,0,1,0,0,1,0,0,1,0,0,0,0,0,0,1,0
1,68,59,75,1,1,65,65,60.98,55,69,58,0,1,0,1,0,0,0,0,1,0,0,0,0,1,0,0,0,1,0
0,63,58,69,0,1,63,63,69.12,57,77,78,0,1,0,1,0,0,1,0,0,0,1,0,0,0,0,0,1,0,0
1,57,52,62,0,1,62,62,60.59,52,71,73,0,1,0,0,1,0,0,0,1,0,0,0,0,1,0,0,0,1,0
1,48,50,53,1,1,47.41,47.41,64.63,69,75,51,0,1,0,0,0,1,0,0,1,0,0,0,0,1,0,0,0,1,0
0,68,48,72,0,0,0,0,63.83,58,64,81,0,0,1,0,0,1,0,0,1,0,0,1,0,0,0,0,0,1,0
0,72.4,55.5,82,0,1,98,98,65.25,67,75,76,0,0,1,0,0,1,1,0,0,0,0,1,0,0,0,0,1,0,0
1,47,52,60,0,1,58,58,63.39,62,64,57,0,0,1,0,0,1,0,0,1,0,0,0,0,1,0,0,0,1,0
0,60,44,67,0,0,0,0,67.06,72,62,73,0,0,1,1,0,0,0,0,1,0,0,0,0,1,0,0,0,1,0
0,82,68.16,71,2,1,65,65,69.76,67,70,79,0,1,0,0,0,1,0,0,1,0,0,0,0,1,0,0,0,1,0
1,65,71,61,0,1,83,83,62.28,52,70,79,0,1,0,0,1,0,0,1,0,0,1,0,0,0,0,0,1,0,0
0,73,65,74,1,1,66,66,64.44,62,77,96,0,0,1,1,0,0,1,0,0,0,0,0,0,1,0,0,1,0,0
1,56,59,65,2,1,60,60,60.64,54,62,74,0,0,1,0,0,1,0,0,1,0,0,0,0,0,0,1,0,1,0
1,49.3,49,54,0,1,64,64,56.45,58,66,69,0,0,1,0,0,1,0,0,1,0,1,0,0,0,0,0,0,1,0
1,70,68,68,0,0,0,0,63.36,66,70,65,0,1,0,0,0,1,0,0,1,0,1,0,0,0,0,0,1,0,0
1,67.2,69.29,56,0,1,0,0,61,58,63,67,0,1,0,0,0,1,0,0,1,0,0,1,0,0,0,0,1,0,0
1,44.6,60.58,68.11,0,1,57.6,57.6,56.66,54,63,62,0,0,1,1,0,0,0,0,1,0,0,1,0,0,0,0,1,0,0
1,52,62,66,1,1,50.48,50.48,77.89,82,80,68,1,0,0,0,0,1,0,0,1,0,0,0,0,1,0,0,1,0,0
1,81.2,70.4,62.89,0,1,61.6,61.6,62.48,60,77,62,0,1,0,1,0,0,1,0,0,0,1,0,0,0,0,0,1,0,0
1,61,53,65,0,1,46.47,46.47,59.14,54,69,57,0,1,0,0,0,1,0,0,1,0,0,0,0,1,0,0,0,1,0
0,66,80,64,0,0,0,0,62.95,65,71,54,0,1,0,0,1,0,0,1,0,0,0,0,0,1,0,0,1,0,0
1,63,48,64,0,1,73,73,68.07,66,70,75,0,0,1,0,0,1,0,0,1,0,0,1,0,0,0,0,0,1,0
1,53,55,42,0,0,0,0,52.56,50,73,50,0,1,0,0,0,1,0,0,1,0,1,0,0,0,0,0,1,0,0
0,87,87,76,1,0,0,0,73.87,77,74,69,0,1,0,0,1,0,0,0,1,0,0,0,0,1,0,0,1,0,0
1,59,50,59,0,1,89.69,89.69,57.1,55,63,59,0,0,1,0,0,1,0,0,1,0,0,0,0,1,0,0,0,1,0
1,64.6,63.4,76.3,1,1,60,60,63.7,71,69,70,0,1,0,1,0,0,1,0,0,0,1,0,0,0,0,0,1,0,0
1,52,57,47,1,1,83,83,57.61,50,74,74,0,1,0,1,0,0,1,0,0,0,0,0,0,1,0,0,1,0,0
1,86.4,60.66,67.25,0,1,72,72,63.23,63,69,69,0,0,1,0,0,1,0,0,1,0,0,1,0,0,0,0,0,1,0
1,44,72,59,0,1,41,41,58.75,50,58,57,0,1,0,0,0,1,0,0,1,0,0,0,0,1,0,0,0,0,1
0,80.32,76.83,76.3,0,1,47.31,47.31,71.15,74,79,66,0,1,0,0,0,1,0,0,1,0,0,0,0,1,0,0,1,0,0
